{
    "$schema": "https://schema.management.azure.com/schemas/2015-01-01/deploymentTemplate.json#",
    "contentVersion": "1.0.0.0",
    "parameters": {
        "environments_tsi_3395ED69_name": {
            "defaultValue": "tsi-3395ED69",
            "type": "String"
        },
        "IotHubs_iot_hub_3395ED69_externalid": {
            "defaultValue": "/subscriptions/c46a9435-c957-4e6c-a0f4-b9a597984773/resourceGroups/IoTCapstoneRG/providers/Microsoft.Devices/IotHubs/iot-hub-3395ED69",
            "type": "String"
        }
    },
    "variables": {},
    "resources": [
        {
            "type": "Microsoft.TimeSeriesInsights/environments",
            "apiVersion": "2017-11-15",
            "name": "[parameters('environments_tsi_3395ED69_name')]",
            "location": "eastus2",
            "sku": {
                "name": "S1",
                "capacity": 1
            },
            "kind": "Standard",
            "properties": {
                "dataRetentionTime": "P30D",
                "storageLimitExceededBehavior": "PurgeOldData"
            }
        },
        {
            "type": "Microsoft.TimeSeriesInsights/environments/accesspolicies",
            "apiVersion": "2017-11-15",
            "name": "[concat(parameters('environments_tsi_3395ED69_name'), '/ownerAccessPolicy')]",
            "dependsOn": [
                "[resourceId('Microsoft.TimeSeriesInsights/environments', parameters('environments_tsi_3395ED69_name'))]"
            ],
            "properties": {
                "principalObjectId": "35e9483b-bf32-4d17-a07b-837bc83be0f5",
                "roles": [
                    "Reader",
                    "Contributor"
                ]
            }
        },
        {
            "type": "Microsoft.TimeSeriesInsights/environments/eventsources",
            "apiVersion": "2017-11-15",
            "name": "[concat(parameters('environments_tsi_3395ED69_name'), '/tsievt3395ED69')]",
            "location": "eastus2",
            "dependsOn": [
                "[resourceId('Microsoft.TimeSeriesInsights/environments', parameters('environments_tsi_3395ED69_name'))]"
            ],
            "kind": "Microsoft.IoTHub",
            "properties": {
                "iotHubName": "iot-hub-3395ED69",
                "keyName": "iothubowner",
                "consumerGroupName": "tsiinput",
                "eventSourceResourceId": "[parameters('IotHubs_iot_hub_3395ED69_externalid')]",
                "localTimestamp": null,
                "creationTime": "Tue, 16 Apr 2019 13:41:52 GMT",
                "provisioningState": "Succeeded"
            }
        }
    ]
}